site_code,short_title,stage,longitude,latitude,target_group_name
S0001726,Boddington Bauxite,Operating,116.455902,-32.931561,BAUXITE - ALUMINA
S0001739,Willowdale,Operating,116.014801,-32.920719,BAUXITE - ALUMINA
S0003638,Marradong,Operating,116.434898,-32.836769,BAUXITE - ALUMINA
S0003656,O'Neil,Operating,116.2015,-32.515442,BAUXITE - ALUMINA
S0005694,Myara S,Operating,116.05947,-32.498088,BAUXITE - ALUMINA
S0006557,Karafil,Operating,116.424417,-32.910145,BAUXITE - ALUMINA
S0022337,Hotham N Extension,Under Development,116.426498,-32.656319,BAUXITE - ALUMINA
S0230587,McCoy,Operating,116.163598,-32.559864,BAUXITE - ALUMINA
S0233540,Orion,Operating,116.05697,-32.842827,BAUXITE - ALUMINA
S0233859,Boddington North,Operating,116.407498,-32.812005,BAUXITE - ALUMINA
S0000012,Baneygo,Operating,122.3125,-27.963344,GOLD
S0000030,Golden Crown,Operating,120.101598,-21.870333,GOLD
S0000033,Big Bell UG,Operating,117.655357,-27.318659,GOLD
S0000045,Aladdin,Operating,118.347188,-26.86947,GOLD
S0000046,Bluebird,Operating,118.425102,-26.716249,GOLD
S0000049,Five Mile Well,Operating,118.54088,-26.529259,GOLD
S0000053,Southern Stockworks,Operating,121.644084,-30.809293,GOLD
S0000138,Cosmopolitan,Operating,121.4954,-29.337562,GOLD
S0000181,Morrison,Operating,121.508466,-30.789484,GOLD
S0000198,Yarlarweelor,Operating,118.360354,-25.343679,GOLD
S0000258,Goongarrie Lady,Operating,121.184481,-30.081354,GOLD
S0000263,Paris,Operating,121.975881,-31.588763,GOLD
S0000275,Hawkins Find,Operating,121.02196,-30.498387,GOLD
S0000350,Lord Byron SE,Operating,123.043943,-29.131214,GOLD
S0000357,Jupiter,Operating,122.219287,-28.807189,GOLD
S0000379,Last Chance E,Operating,121.601997,-30.594219,GOLD
S0000389,Harrys Hill,Operating,122.558028,-31.045011,GOLD
S0000462,Lloyd George,Operating,120.967452,-31.04095,GOLD
S0000469,Star of Mangaroon,Operating,115.746101,-23.867599,GOLD
S0000541,Mt Marven,Operating,122.175598,-28.81282,GOLD
S0000566,Racetrack,Operating,121.22703,-30.556282,GOLD
S0000590,Nevoria UG,Operating,119.588401,-31.507265,GOLD
S0000642,Enterprise,Operating,121.088414,-30.372122,GOLD
S0000671,Million Dollar North,Operating,122.285975,-29.799054,GOLD
S0000675,Queen Lapage,Operating,121.979797,-30.61618,GOLD
S0000698,Missouri,Operating,120.953665,-30.219187,GOLD
S0000709,Second Fortune,Operating,122.435819,-29.376506,GOLD
S0000726,Spargos Reward,Operating,121.47075,-31.236454,GOLD
S0000728,Jasper,Operating,121.243896,-28.75897,GOLD
S0000732,Main Dome,Operating,122.207118,-21.719565,GOLD
S0000769,Edna May UG,Operating,118.700154,-31.291771,GOLD
S0000770,Edna May,Operating,118.698538,-31.290258,GOLD
S0000776,Bulletin,Operating,120.246696,-26.61145,GOLD
S0000811,Anglo Saxon,Operating,122.731479,-30.076781,GOLD
S0000847,Great Victoria,Operating,119.5737,-31.544279,GOLD
S0000880,Mt Charlotte,Operating,121.480904,-30.746441,GOLD
S0000909,Porphyry Pit,Operating,122.285004,-29.780899,GOLD
S0000927,Two Boys,Operating,121.724998,-31.74041,GOLD
S0000933,Bellevue UG,Operating,120.557701,-27.638941,GOLD
S0001007,Wandoo S,Operating,116.357519,-32.753078,GOLD
S0001063,Mickey Doolan,Operating,118.502775,-26.618099,GOLD
S0001145,Comet-Pinnacles UG,Operating,118.043602,-27.5401,GOLD
S0002194,Stellar,Operating,117.782492,-28.048626,GOLD
S0002196,Bullant,Operating,121.0578,-30.52747,GOLD
S0002217,Golden Ridge,Operating,121.667345,-30.847844,GOLD
S0002232,Rothsay UG,Operating,116.877078,-29.288679,GOLD
S0002247,Aquarius,Operating,119.322009,-31.271359,GOLD
S0002289,Harbour Lights UG,Operating,121.321999,-28.87369,GOLD
S0002383,Sons of Gwalia UG,Operating,121.333474,-28.918421,GOLD
S0002384,Gault,Operating,118.451698,-32.16235,GOLD
S0002386,Telfer UG,Operating,122.202732,-21.722441,GOLD
S0002419,Zelica,Operating,122.174906,-29.216841,GOLD
S0002420,Fairplay N - NE,Operating,121.72817,-31.746394,GOLD
S0002484,Vegas,Operating,117.790979,-28.037313,GOLD
S0002485,Matilda 6,Operating,120.219902,-26.76825,GOLD
S0002535,Edwards,Operating,120.098121,-21.868989,GOLD
S0002541,Golden Funnel,Operating,121.247079,-30.579425,GOLD
S0002621,Frasers Central Pit,Operating,119.330752,-31.239486,GOLD
S0002719,Matilda 4,Operating,120.215342,-26.750194,GOLD
S0002815,Daisy-Milano,Operating,121.921362,-31.013137,GOLD
S0002833,Mungari/Bereth,Operating,121.281998,-30.90346,GOLD
S0002855,Mulgarrie,Operating,121.515147,-30.383512,GOLD
S0002882,Penny West,Under Development,118.810428,-28.853896,GOLD
S0003056,Hampton UG,Operating,121.606576,-31.034576,GOLD
S0003098,Dolly Pot,Operating,119.258698,-30.19759,GOLD
S0003101,Kanowna Belle,Operating,121.578007,-30.608995,GOLD
S0003173,Bullen - Mainfield,Operating,121.798698,-32.197948,GOLD
S0003201,Hannans N Tourist,Operating,121.470596,-30.72789,GOLD
S0003246,Genesis UG,Operating,120.497002,-27.978439,GOLD
S0003253,Triton North UG,Operating,118.268303,-27.131821,GOLD
S0003254,South Emu UG,Operating,118.266899,-27.13797,GOLD
S0003258,Triton UG,Operating,118.2677,-27.13336,GOLD
S0003362,Jasper Hill,Operating,121.223602,-28.757,GOLD
S0003391,Norton,Operating,119.592796,-31.50873,GOLD
S0003392,Hidden Secret,Operating,121.488098,-30.745911,GOLD
S0003533,Nimary 3,Operating,120.594002,-26.37397,GOLD
S0003696,Mousehollow,Under Development,121.819011,-31.784391,GOLD
S0003738,Hill 60 UG,Operating,117.833877,-28.073274,GOLD
S0003744,Bulletin,Operating,120.240997,-20.949409,GOLD
S0003756,Golden Pike,Operating,121.502066,-30.776552,GOLD
S0003779,Happy Jack-Tirau,Operating,120.239403,-26.619221,GOLD
S0003806,Scotia S,Operating,121.791702,-32.476181,GOLD
S0003807,Scotia N,Operating,121.792603,-32.470928,GOLD
S0003820,Tank,Operating,122.559442,-31.071025,GOLD
S0003851,Rumbles,Operating,122.188267,-31.068289,GOLD
S0003919,Great Western,Operating,121.180492,-28.317054,GOLD
S0003942,Westralia UG,Operating,122.0679,-28.769622,GOLD
S0003946,Gordon-Sirdar,Operating,121.594498,-30.45035,GOLD
S0004141,Deflector,Operating,116.379426,-28.669106,GOLD
S0004149,Salmon,Operating,119.545403,-25.299311,GOLD
S0004153,Million Dollar South,Operating,122.285777,-29.804468,GOLD
S0004154,Kirkalocka,Operating,117.761538,-28.674935,GOLD
S0004221,Paddys Flat UG,Operating,118.508598,-26.60535,GOLD
S0004297,Riverina Pit,Operating,120.564972,-29.744602,GOLD
S0004301,Jaurdi,Operating,120.925003,-30.688709,GOLD
S0004348,28 Pit,Operating,121.246201,-30.963989,GOLD
S0004460,Goldstream,Operating,119.280587,-30.202968,GOLD
S0004462,Cobra,Operating,119.247803,-30.19342,GOLD
S0004468,King Brown,Operating,119.119377,-30.116279,GOLD
S0004505,Golden Delicious,Operating,122.459342,-29.013648,GOLD
S0004551,Great Fingall Pit,Operating,117.85805,-27.461048,GOLD
S0004791,Darlot UG,Operating,121.268898,-27.887529,GOLD
S0004877,Santa,Operating,122.209736,-31.040615,GOLD
S0004886,Janet Ivy,Operating,121.383328,-30.774467,GOLD
S0004927,Maid Marion,Operating,118.5933,-26.46312,GOLD
S0004954,Moonbeam,Operating,121.243797,-30.7213,GOLD
S0004988,Vivien,Operating,120.568522,-27.976476,GOLD
S0004991,Atriedes,Operating,122.559575,-31.065608,GOLD
S0005030,Maxwells,Operating,122.198932,-31.08101,GOLD
S0005063,Otto Bore,Operating,121.015082,-28.111005,GOLD
S0005074,Cockeyed Bob Deeps,Operating,122.176786,-31.088521,GOLD
S0005156,King of the Hills,Operating,121.163002,-28.671459,GOLD
S0005315,Gilbeys,Operating,117.265226,-27.846241,GOLD
S0005365,Bungarra,Operating,121.466839,-27.400148,GOLD
S0005388,Cutters Ridge Main,Operating,121.182302,-30.771702,GOLD
S0005546,Zone 19,Operating,119.442596,-25.293249,GOLD
S0005627,Panther,Operating,120.884697,-30.68709,GOLD
S0005786,White Foil,Operating,121.250603,-30.773726,GOLD
S0005837,Golden Wings,Operating,117.295898,-27.821173,GOLD
S0005841,Centenary,Operating,121.285769,-27.886146,GOLD
S0005842,New Holland S UG,Operating,120.497378,-27.985018,GOLD
S0005907,Granny Venn,Operating,121.091797,-29.664061,GOLD
S0005909,Bulletin U/G,Operating,120.246696,-26.61145,GOLD
S0006416,Federal,Operating,121.4133,-30.412621,GOLD
S0006418,Lady Rosie,Operating,117.801355,-27.395183,GOLD
S0006435,Arctic Zone,Operating,121.220299,-30.693701,GOLD
S0006486,Porphyry,Operating,121.0233,-30.49255,GOLD
S0006504,Rosemont,Operating,122.27453,-27.838985,GOLD
S0006553,Klondyke,Operating,119.892303,-21.33811,GOLD
S0006568,Jakarta,Operating,121.401912,-30.42485,GOLD
S0006569,Anchor-Zeta,Under Development,122.34753,-27.672218,GOLD
S0006570,Fort William,Operating,121.384102,-30.788719,GOLD
S0006621,Sunrise Dam Underground,Operating,122.419353,-29.079405,GOLD
S0006651,Zone 124,Operating,119.442299,-25.30196,GOLD
S0006652,Plutonic NW,Operating,119.438004,-25.314529,GOLD
S0006668,The Mount,Operating,121.56947,-31.528304,GOLD
S0006687,Golden Orb,Operating,119.182297,-30.285641,GOLD
S0006727,Beta Hunt,Operating,121.696799,-31.246434,GOLD
S0006746,Starlight UG,Operating,118.358498,-25.321899,GOLD
S0009463,Regal,Operating,121.638346,-30.799029,GOLD
S0016736,Milky Way,Operating,117.788887,-28.053322,GOLD
S0017129,Pegasus,Operating,121.256852,-30.737972,GOLD
S0018747,Thunderbox Zone C,Operating,121.007181,-28.190531,GOLD
S0018779,Bakers Flat - Tarranto,Operating,121.268705,-30.969423,GOLD
S0018836,Fender,Operating,117.635399,-27.3442,GOLD
S0018909,Kailis,Operating,121.288398,-28.840312,GOLD
S0019084,Waroonga Underground,Operating,120.505798,-28.004499,GOLD
S0019420,Deep South,Operating,122.54842,-29.546148,GOLD
S0019514,Barton Main Westside,Operating,120.604103,-26.372549,GOLD
S0019534,Williamson Pit,Operating,120.317987,-26.773502,GOLD
S0019550,Shannon,Operating,117.78341,-28.060205,GOLD
S0019619,Rowdies,Operating,127.353958,-18.419041,GOLD
S0019624,Plutonic East,Operating,119.446404,-25.306709,GOLD
S0019642,Tarmoola N,Operating,121.166066,-28.663856,GOLD
S0019675,Greenfinch,Operating,118.689849,-31.288291,GOLD
S0019710,Raleigh-Golden Hind U/G,Operating,121.243599,-30.72757,GOLD
S0019779,Invicta,Operating,120.5886,-26.3615,GOLD
S0019961,City of Chester,Operating,117.7938,-27.335859,GOLD
S0020116,Homestead,Operating,121.230797,-30.541241,GOLD
S0020197,Tropicana,Operating,124.553902,-29.24608,GOLD
S0020380,UG Portal,Operating,122.305117,-28.852143,GOLD
S0020417,Anchor N,Operating,122.348159,-27.665145,GOLD
S0020968,Battler,Operating,119.389597,-31.34636,GOLD
S0021008,Trident,Operating,121.7313,-31.72505,GOLD
S0021532,Golden Age UG,Operating,120.246696,-26.620331,GOLD
S0021542,Fimiston Superpit,Operating,121.50352,-30.777971,GOLD
S0021718,Main Portal,Operating,119.492599,-31.464569,GOLD
S0021723,Scotia Central,Operating,121.791496,-32.47422,GOLD
S0021837,Rose Dam South,Operating,121.27655,-30.520962,GOLD
S0022447,Dogbolter,Operating,122.342667,-27.724042,GOLD
S0022458,Vause Laterite,Operating,120.816002,-26.61158,GOLD
S0022539,Aquarius - Corona,Under Development,121.728206,-31.755167,GOLD
S0022743,Havana,Operating,124.5401,-29.263359,GOLD
S0022929,Wagtail North,Operating,127.353798,-18.421173,GOLD
S0022974,Julius,Operating,120.948631,-26.763126,GOLD
S0023166,Wandoo N,Operating,116.3419,-32.741345,GOLD
S0023206,Frogs Leg UG,Operating,121.270103,-30.76158,GOLD
S0029437,Rosemont North,Operating,122.268224,-27.831212,GOLD
S0032945,South Victory N2,Operating,117.801533,-27.403089,GOLD
S0223012,Petra,Operating,122.257176,-27.686151,GOLD
S0223250,Fort Scott,Operating,121.378412,-30.781147,GOLD
S0223445,Portal,Operating,121.260602,-30.744035,GOLD
S0223550,Water Tank Hill UG,Operating,117.829995,-28.064741,GOLD
S0223594,Cave Rocks UG,Operating,121.557715,-31.209795,GOLD
S0223927,Hamlet UG,Operating,121.812162,-31.400095,GOLD
S0224078,Pertha May,Operating,118.65181,-31.275179,GOLD
S0224327,Maingays,Operating,122.281933,-29.783519,GOLD
S0224334,Red October UG,Operating,122.413546,-29.217297,GOLD
S0224441,Bibra,Operating,120.095889,-23.765145,GOLD
S0224513,Garden Well,Operating,122.356001,-27.906395,GOLD
S0224676,Navajo-Chief,Operating,121.39119,-30.823813,GOLD
S0224716,Moonlight 58,Operating,121.608591,-30.582426,GOLD
S0224999,Tooheys Well,Operating,122.368122,-27.939959,GOLD
S0225139,Fender 700,Operating,117.639568,-27.34181,GOLD
S0225180,Central Laterite,Operating,122.346292,-27.602195,GOLD
S0225287,Gateway Portal,Operating,120.589064,-26.381404,GOLD
S0225288,Gateway Underground,Operating,120.593467,-26.385807,GOLD
S0226006,Jims Find,Operating,117.804395,-27.330649,GOLD
S0226035,Lord Byron NW,Operating,123.041614,-29.128452,GOLD
S0226036,Battery Sands,Operating,117.911778,-27.410786,GOLD
S0226063,Fatts,Under Development,118.506607,-26.610688,GOLD
S0226096,Havana South,Operating,124.53612,-29.271361,GOLD
S0229604,Cammi's Creek,Operating,120.939387,-30.730699,GOLD
S0229858,West Dome Main,Operating,122.185071,-21.720134,GOLD
S0230026,Enterprise West,Operating,121.079836,-30.374883,GOLD
S0230607,Neptune,Operating,121.74552,-31.300017,GOLD
S0230898,Gruyere,Operating,123.845213,-27.98443,GOLD
S0230957,Crown Jewel - Boorara,Operating,121.641914,-30.80386,GOLD
S0231429,Invincible - St Ives,Operating,121.670718,-31.279914,GOLD
S0231590,Vivien UG,Operating,120.568526,-27.976825,GOLD
S0231666,Salisbury,Operating,117.902972,-27.396782,GOLD
S0231766,Karari UG,Operating,122.359234,-30.159173,GOLD
S0232049,Heffernans Syenite,Operating,122.218123,-28.816154,GOLD
S0232079,Nicolsons Find U/G,Operating,127.356959,-18.409426,GOLD
S0232136,Millennium,Operating,121.237813,-30.707879,GOLD
S0232283,Baloo,Operating,121.866932,-31.801927,GOLD
S0232453,Whirling Dervish UG,Operating,122.357732,-30.141997,GOLD
S0232461,Deep South UG,Operating,122.548563,-29.54581,GOLD
S0232679,Corinthia Decline,Operating,119.219675,-31.12141,GOLD
S0232751,Gilbeys South,Operating,117.25727,-27.852407,GOLD
S0233202,Coopers,Operating,122.340468,-27.712101,GOLD
S0233583,Tuart Underground,Operating,121.224418,-30.527591,GOLD
S0233701,Gloster,Operating,122.074906,-27.564545,GOLD
S0233751,King of the Hills,Operating,121.165902,-28.663594,GOLD
S0233804,Plutonic Underground,Operating,119.446427,-25.318215,GOLD
S0233932,Tampia North,Operating,118.451651,-32.161676,GOLD
S0234014,Erlistoun,Operating,122.338032,-27.972801,GOLD
S0234177,Delta Island South,Operating,121.722933,-31.293577,GOLD
S0234229,Geko,Operating,120.901846,-30.862375,GOLD
S0234331,Beta Hunt,Operating,121.689942,-31.242538,GOLD
S0234349,Ganymede,Operating,122.215226,-28.819435,GOLD
S0234463,Invincible North,Under Development,121.662842,-31.27261,GOLD
S0234466,Invincible UG,Operating,121.673399,-31.283042,GOLD
S0234476,Deflector UG,Operating,116.379441,-28.668992,GOLD
S0234492,Coventry,Operating,117.801546,-27.33786,GOLD
S0234538,Porphyry West 1,Operating,121.017796,-30.491992,GOLD
S0234796,Grants Hill,Operating,120.095102,-21.87955,GOLD
S0234904,Lost Dog,Operating,120.949716,-30.730951,GOLD
S0234948,Sly Fox,Operating,117.264955,-27.85419,GOLD
S0236189,Thunderbox UG,Operating,121.007285,-28.196004,GOLD
S0236326,Wagtail North UG,Operating,127.353669,-18.421151,GOLD
S0236327,Wagtail South UG,Operating,127.353562,-18.424727,GOLD
S0236361,Ramone,Operating,120.846986,-26.559088,GOLD
S0236468,Karonie Main Zone South,Operating,122.560074,-31.03926,GOLD
S0236571,Plymouth,Operating,117.263648,-27.854278,GOLD
S0236611,Main Lode,Operating,121.139859,-31.024487,GOLD
S0236617,Havieron UG,Under Development,122.640666,-21.727817,GOLD
S0236893,Rosemont UG,Operating,122.278097,-27.843181,GOLD
S0237036,Eridanus,Operating,117.781675,-28.074885,GOLD
S0237038,Shannon UG,Operating,117.78326,-28.060424,GOLD
S0237074,Boston Shaker UG,Operating,124.563896,-29.242173,GOLD
S0237119,Doublejay,Operating,122.219195,-28.810941,GOLD
S0237291,Myhree,Under Development,121.775308,-30.729096,GOLD
S0237465,Penny North UG,Under Development,118.810248,-28.853327,GOLD
S0237487,Thunderbox Zone D,Operating,121.004813,-28.183943,GOLD
S0237869,Bluebird UG,Operating,118.423432,-26.722373,GOLD
S0238307,Hidden Secret,Operating,121.814893,-31.779801,GOLD
S0238425,Orion,Operating,117.789952,-28.071729,GOLD
S0238603,Victoria,Operating,119.416703,-31.345262,GOLD
S0238745,Green Lantern,Operating,121.79622,-32.479727,GOLD
S0238995,Moonbeam Underground,Under Development,121.244269,-30.721499,GOLD
S0239162,Garden Well UG,Under Development,122.356602,-27.905699,GOLD
S0239197,Ramone UG,Operating,120.847225,-26.55961,GOLD
S0239212,Karen Louise,Operating,121.374508,-30.773674,GOLD
S0239470,Fender UG,Operating,117.63454,-27.344488,GOLD
S0239485,Swagman,Operating,121.723065,-31.741825,GOLD
S0240700,System Test Site,Operating,127.430253,-26.564876,GOLD
S0001172,George Palmer,Operating,116.141296,-21.081341,IRON ORE
S0001224,Deepdale J,Operating,116.247354,-21.751437,IRON ORE
S0001331,Koolyanobbing K,Operating,119.5186,-30.797041,IRON ORE
S0001346,Wheelarra 4,Operating,120.1371,-23.380329,IRON ORE
S0001385,Tom Price,Operating,117.776095,-22.769347,IRON ORE
S0001388,Turner Syncline Sec 10,Operating,117.586304,-22.66221,IRON ORE
S0001399,Nammuldi,Operating,117.337502,-22.412291,IRON ORE
S0001402,Mt Whaleback,Operating,119.6754,-23.36536,IRON ORE
S0001405,OB 29,Operating,119.703796,-23.382259,IRON ORE
S0001413,18E,Operating,117.631302,-23.25565,IRON ORE
S0001455,Silvergrass Pit 4,Operating,117.303539,-22.317757,IRON ORE
S0001471,HD1 SC,Operating,119.107344,-22.99867,IRON ORE
S0001534,23E,Operating,117.653999,-23.24884,IRON ORE
S0001587,Pit 3 - Central,Operating,117.21332,-22.598789,IRON ORE
S0001590,84E,Operating,117.8228,-23.302509,IRON ORE
S0001592,Mesa A,Operating,115.886497,-21.672581,IRON ORE
S0001597,Coondiner HD4 East,Operating,119.574358,-23.145752,IRON ORE
S0001607,MAC C West,Operating,118.962601,-22.92985,IRON ORE
S0001608,MAC D,Operating,118.9432,-22.933431,IRON ORE
S0001609,MAC E East,Operating,118.927299,-22.932541,IRON ORE
S0001610,MAC F,Operating,118.875742,-22.941724,IRON ORE
S0001624,South Flank,Operating,118.923302,-22.998671,IRON ORE
S0001632,OB 25 - Pit 3,Operating,119.818298,-23.32995,IRON ORE
S0001634,OB 18 Main,Operating,120.04202,-23.333315,IRON ORE
S0001639,OB 24 E,Operating,119.810799,-23.304199,IRON ORE
S0001642,OB 30,Operating,119.662327,-23.377239,IRON ORE
S0001643,OB 35,Operating,119.657303,-23.38965,IRON ORE
S0001646,64E,Operating,117.774498,-23.30332,IRON ORE
S0002912,P3,Operating,118.960528,-22.905626,IRON ORE
S0002952,94E,Operating,117.848297,-23.305981,IRON ORE
S0002957,11W,Operating,117.561302,-23.22591,IRON ORE
S0002960,Gudai-Darri K58,Operating,119.038123,-22.53376,IRON ORE
S0002964,B1 Main,Operating,117.462898,-22.679331,IRON ORE
S0002984,Billiard,Under Development,119.299568,-22.809575,IRON ORE
S0002995,Wheelarra 2,Operating,120.086534,-23.371527,IRON ORE
S0002996,SJ-C1a-b,Operating,120.118294,-23.39572,IRON ORE
S0002997,Wheelarra 3 Scree,Operating,120.116096,-23.380619,IRON ORE
S0002998,Wheelarra 1,Operating,120.083105,-23.378769,IRON ORE
S0003023,Marillana Ck E2,Operating,119.113602,-22.74144,IRON ORE
S0003024,OB 24 Far W,Operating,119.758003,-23.29225,IRON ORE
S0003025,OB 24 W,Operating,119.773598,-23.2953,IRON ORE
S0003026,OB 24 Int,Operating,119.792397,-23.300051,IRON ORE
S0003027,OB 24 Far E,Operating,119.825798,-23.305309,IRON ORE
S0003235,5 West,Operating,117.576028,-23.218031,IRON ORE
S0003277,Mungada W,Operating,116.862556,-29.141272,IRON ORE
S0003278,Mungada E,Operating,116.883314,-29.142147,IRON ORE
S0003291,Warramboo,Operating,115.830597,-21.66316,IRON ORE
S0003324,Marillana Ck Central 5,Operating,119.100601,-22.724819,IRON ORE
S0003719,Deposit B,Operating,118.767575,-23.118524,IRON ORE
S0003722,Deposit E,Operating,118.789979,-23.198053,IRON ORE
S0005001,Marillana Ck Central 1,Operating,119.065498,-22.718639,IRON ORE
S0006420,HD1 Flat Top,Operating,119.117964,-22.959206,IRON ORE
S0018722,Marillana Ck W1,Operating,119.000198,-22.715599,IRON ORE
S0019054,J1 West,Operating,119.163267,-30.222323,IRON ORE
S0019060,W1 East,Operating,119.26669,-30.011967,IRON ORE
S0019062,W3,Operating,119.289272,-30.012375,IRON ORE
S0019222,4W,Operating,117.579201,-23.22827,IRON ORE
S0019223,32E,Operating,117.682198,-23.253071,IRON ORE
S0019224,39E,Operating,117.7052,-23.25864,IRON ORE
S0019225,37E,Operating,117.694,-23.26259,IRON ORE
S0019226,42E,Operating,117.7071,-23.26511,IRON ORE
S0019228,Section 6,Operating,117.755603,-22.773079,IRON ORE
S0019230,Section 7E2,Operating,117.725098,-22.7684,IRON ORE
S0019283,4E,Operating,117.601402,-23.235149,IRON ORE
S0019285,Lens B,Operating,117.330399,-22.425831,IRON ORE
S0019288,Lens D,Operating,117.354897,-22.410431,IRON ORE
S0019300,Delta Pits,Operating,119.972073,-22.470768,IRON ORE
S0020088,A-WPN,Operating,118.750099,-23.176769,IRON ORE
S0020355,A-CPN,Operating,118.784599,-23.18494,IRON ORE
S0020371,Hairpin,Operating,119.235001,-22.755171,IRON ORE
S0020372,Water Stand,Operating,119.239206,-22.781833,IRON ORE
S0020373,JSE,Operating,119.260803,-22.795231,IRON ORE
S0020558,T.P. North West,Operating,117.740196,-22.74366,IRON ORE
S0020560,T.P. Southern Ridge,Operating,117.752701,-22.761169,IRON ORE
S0020561,T.P. Synclines,Operating,117.762497,-22.76313,IRON ORE
S0020563,TP SE Prong,Operating,117.784433,-22.775931,IRON ORE
S0020577,Centre Pit,Operating,118.139999,-22.64666,IRON ORE
S0020580,SW Ext Pit,Operating,118.118154,-22.640029,IRON ORE
S0020581,Tail Pit,Operating,118.152199,-22.651699,IRON ORE
S0020592,MAC C East,Operating,118.986854,-22.929374,IRON ORE
S0020736,F3,Operating,119.613147,-30.876473,IRON ORE
S0020737,F2,Operating,119.607697,-30.872431,IRON ORE
S0020742,Karara Magnetite,Operating,116.774427,-29.187544,IRON ORE
S0020981,Koolan Main,Operating,123.738098,-16.13303,IRON ORE
S0021183,Southern Detritals,Operating,117.846121,-23.318363,IRON ORE
S0021265,Eyre,Operating,119.849593,-22.379427,IRON ORE
S0021378,W3E,Operating,120.115303,-23.373011,IRON ORE
S0021415,Western 4,Operating,119.023697,-22.732599,IRON ORE
S0021416,Marillana Ck W5,Under Development,119.048599,-22.7293,IRON ORE
S0021419,Marillana Ck E1,Operating,119.098701,-22.73716,IRON ORE
S0021420,Marillana Ck E3,Operating,119.126404,-22.75844,IRON ORE
S0021422,Marillana Ck E5,Operating,119.134499,-22.76412,IRON ORE
S0021423,Marillana Ck E6,Operating,119.138397,-22.768881,IRON ORE
S0021606,24E,Operating,117.652603,-23.256321,IRON ORE
S0021820,Joyners Find - JWD,Operating,119.954639,-26.791821,IRON ORE
S0022015,Phils Creek,Operating,119.187809,-22.737048,IRON ORE
S0022158,Pit3 E,Operating,117.229616,-22.596942,IRON ORE
S0022159,Pit2 Interim,Operating,117.178072,-22.609483,IRON ORE
S0022230,Brockman 2 Pit 7,Operating,117.369301,-22.441111,IRON ORE
S0022265,Split Rock,Operating,119.666135,-21.47369,IRON ORE
S0022532,Cardo Bore East,Under Development,116.22877,-22.193978,IRON ORE
S0022686,C4,Operating,119.937302,-26.680361,IRON ORE
S0022812,Paulsens East Main Pit,Operating,116.336959,-22.562845,IRON ORE
S0022821,North MM East Pits,Under Development,119.074177,-23.127015,IRON ORE
S0022842,Cardo Bore NW,Under Development,116.213501,-22.148736,IRON ORE
S0022843,Kens Bore,Under Development,116.195794,-22.055688,IRON ORE
S0023052,Kangaroo,Operating,119.260399,-22.285521,IRON ORE
S0023054,Hayman,Operating,119.402367,-22.33364,IRON ORE
S0023105,Iron Ridge,Operating,117.684502,-26.943939,IRON ORE
S0023219,Cochrane,Under Development,116.132459,-21.921578,IRON ORE
S0023220,Jewel CID,Under Development,116.138186,-21.935159,IRON ORE
S0023281,West End,Operating,116.830554,-22.493687,IRON ORE
S0023347,Mungada East Ext,Operating,116.888651,-29.140225,IRON ORE
S0023551,Catho Well North,Under Development,116.24486,-22.380591,IRON ORE
S0023552,Trinity Bore Iron,Under Development,116.336662,-22.354352,IRON ORE
S0023559,Kings,Operating,117.869826,-22.159468,IRON ORE
S0023569,Mt Caudan Central,Operating,119.555621,-31.614569,IRON ORE
S0023644,Firetail North,Operating,117.925752,-22.117679,IRON ORE
S0032004,Kens Bore East,Under Development,116.221882,-22.076233,IRON ORE
S0222904,Marandoo MMP2 Pit,Operating,118.167892,-22.649534,IRON ORE
S0222918,Coondiner HD4 Central,Operating,119.53912,-23.133013,IRON ORE
S0222919,Coondiner HD4 South,Operating,119.519623,-23.146805,IRON ORE
S0222920,Coondiner HD4 West,Operating,119.504036,-23.136219,IRON ORE
S0223403,Fender,Operating,119.29855,-21.543976,IRON ORE
S0223601,Sandtrax - Prancer,Under Development,119.188902,-21.111396,IRON ORE
S0223629,Central MM,Operating,119.003195,-23.14472,IRON ORE
S0223630,SMM East,Under Development,118.991075,-23.164236,IRON ORE
S0223643,Daltons,Operating,119.308488,-21.530189,IRON ORE
S0223837,Queens,Operating,117.769485,-22.128667,IRON ORE
S0223838,Trinity - Solomon,Operating,117.846853,-22.122345,IRON ORE
S0224200,Firetail South,Operating,117.918,-22.141,IRON ORE
S0224380,Iron Valley Stage 1,Operating,119.312614,-22.731714,IRON ORE
S0224627,Flinders,Operating,119.720226,-22.37121,IRON ORE
S0224628,Mokare,Operating,119.76394,-22.363306,IRON ORE
S0224650,OB 18 East,Operating,120.057303,-23.320586,IRON ORE
S0224652,OB 25 - Pit 4,Operating,119.784358,-23.332051,IRON ORE
S0224710,Deception,Operating,119.280916,-29.850399,IRON ORE
S0224836,North Star magnetite,Under Development,119.053588,-21.250187,IRON ORE
S0225517,The Claw,Operating,119.26769,-29.857519,IRON ORE
S0225706,W3W,Operating,120.106096,-23.373013,IRON ORE
S0225753,Cocos,Operating,119.501622,-22.343763,IRON ORE
S0225754,Long,Operating,119.462954,-22.343211,IRON ORE
S0225755,Baudin,Operating,119.862692,-22.380857,IRON ORE
S0230299,Young,Operating,119.803081,-22.39782,IRON ORE
S0230393,HD1 NW,Operating,119.099793,-22.951863,IRON ORE
S0230394,HD1 NE3,Operating,119.137386,-22.953708,IRON ORE
S0230398,A-CPs,Operating,118.775693,-23.190224,IRON ORE
S0230405,Section 6 South,Operating,117.744875,-22.78018,IRON ORE
S0230406,Section 7C2,Operating,117.718501,-22.767716,IRON ORE
S0230408,Tail Extension Pit,Operating,118.172912,-22.661082,IRON ORE
S0230415,Miralga East - Comet,Operating,119.424783,-20.972158,IRON ORE
S0230416,Pit3 W,Operating,117.200339,-22.600088,IRON ORE
S0230417,Pit2 Final,Operating,117.168049,-22.61351,IRON ORE
S0230572,Stage 2 / Pit N,Operating,119.31734,-22.719705,IRON ORE
S0231031,Runway North,Operating,119.679253,-21.420504,IRON ORE
S0231032,Shark Gully,Operating,119.669611,-21.450806,IRON ORE
S0231635,B1 Sat,Operating,117.472463,-22.67876,IRON ORE
S0232120,NMM West,Operating,119.048777,-23.122646,IRON ORE
S0232472,F1,Operating,119.604352,-30.869792,IRON ORE
S0232834,Red Hill Creek West,Under Development,116.292816,-22.077104,IRON ORE
S0232873,W7 New,Operating,119.245668,-30.006664,IRON ORE
S0233083,Bravo Pits,Operating,119.925829,-22.470314,IRON ORE
S0233084,Zulu Pits,Operating,119.896004,-22.443007,IRON ORE
S0233295,Baby Hope Central,Operating,119.058934,-23.016613,IRON ORE
S0233296,Baby Hope East,Operating,119.087417,-23.013262,IRON ORE
S0233297,Baby Hope West,Operating,119.039133,-23.017222,IRON ORE
S0233907,W10,Operating,119.259221,-30.011667,IRON ORE
S0233969,Echo Pits,Operating,119.959538,-22.494661,IRON ORE
S0233970,Golf Pits,Operating,119.984053,-22.517949,IRON ORE
S0234537,Abrolhos,Operating,119.323753,-22.268512,IRON ORE
S0234755,Westside,Operating,116.868871,-22.492958,IRON ORE
S0234928,Runway South,Operating,119.679793,-21.423504,IRON ORE
S0235123,MAC F West,Operating,118.847639,-22.941503,IRON ORE
S0235124,MAC E West,Operating,118.875894,-22.933634,IRON ORE
S0235993,Sierra Pits,Operating,120.01152,-22.557215,IRON ORE
S0236214,Frederick West,Under Development,117.87746,-22.227412,IRON ORE
S0236215,Frederick East,Under Development,117.894904,-22.227627,IRON ORE
S0238303,Mt Caudan South,Operating,119.551693,-31.626094,IRON ORE
S0238304,Mt Caudan North,Operating,119.557558,-31.607856,IRON ORE
S0238514,Cathedral,Operating,119.830589,-22.407888,IRON ORE
S0238550,Adelle,Operating,119.44835,-22.319411,IRON ORE
S0238551,Cockatoo,Operating,119.327125,-22.307419,IRON ORE
S0238552,Norfolk,Operating,119.294325,-22.313983,IRON ORE
S0239230,Miralga W-Rudolph,Operating,119.318785,-21.023512,IRON ORE
S0239437,Miralga East-Vixen,Under Development,119.431357,-20.971593,IRON ORE
S0239438,Miralga East - Dasher,Under Development,119.436985,-20.972796,IRON ORE
S0239823,Bigge,Operating,119.205929,-22.286159,IRON ORE
S0239824,Norfolk North,Operating,119.318192,-22.289123,IRON ORE
S0001174,Halleys,Operating,120.374303,-33.633382,NICKEL
S0001258,Goliath North,Operating,120.58921,-27.44865,NICKEL
S0001288,Durkin N,Operating,121.661201,-31.164049,NICKEL
S0001300,Lanfranchi,Under Development,121.842903,-31.505461,NICKEL
S0001375,Cliffs,Operating,120.541753,-27.304974,NICKEL
S0001456,Six Mile Well,Operating,120.57824,-27.422664,NICKEL
S0001583,Rockys Reward Pit,Operating,120.697197,-27.791439,NICKEL
S0001585,Perseverance UG,Operating,120.705597,-27.818119,NICKEL
S0001667,Mt Keith,Operating,120.54174,-27.229599,NICKEL
S0004288,Beta Hunt,Operating,121.689961,-31.242554,NICKEL
S0005040,Murrin North,Operating,121.8955,-28.747169,NICKEL
S0005631,Hale-Bopp,Operating,120.400034,-33.666733,NICKEL
S0006685,Shoemaker-Levy,Operating,120.325452,-33.576416,NICKEL
S0019030,Cosmos Deeps,Under Development,120.575875,-27.596973,NICKEL
S0019821,Decline Portal,Operating,128.027695,-17.3526,NICKEL
S0021101,Murrin South,Operating,121.783997,-28.95483,NICKEL
S0021282,Flying Fox Boxcut,Operating,119.695596,-32.421177,NICKEL
S0021890,Cassini,Operating,121.621101,-31.700939,NICKEL
S0022042,T5,Operating,119.689003,-32.417782,NICKEL
S0023498,Lounge Lizard Ni,Operating,119.69219,-32.425579,NICKEL
S0224582,Spotted Quoll UG,Operating,119.677774,-32.478151,NICKEL
S0229634,Nova,Operating,123.192413,-31.819886,NICKEL
S0229741,Odysseus South,Under Development,120.575875,-27.596973,NICKEL
S0229742,Odysseus N,Under Development,120.575875,-27.596973,NICKEL
S0229754,Long,Operating,121.683531,-31.18112,NICKEL
S0230111,Bollinger,Operating,123.194386,-31.819888,NICKEL
S0230357,Venus,Operating,120.705816,-27.813744,NICKEL
S0231120,Murrin East ,Operating,122.176121,-29.073484,NICKEL
S0231765,Savannah North,Operating,128.017007,-17.338411,NICKEL
S0232023,Boxcut,Operating,123.174503,-31.812592,NICKEL
S0237887,Cassini UG,Under Development,121.62647,-31.70971,NICKEL
